{
  "provider": "cohere",
  "model_dir": "embed-v4.0",
  "n_queries": 300,
  "dim": 1536,
  "ndcg@10": 0.7705613521235133,
  "recall@10": 0.8903333333333334,
  "recall@100": 0.9633333333333334
}