{
  "provider": "openai",
  "model_dir": "text-embedding-3-large-d3072",
  "n_queries": 300,
  "dim": 3072,
  "ndcg@10": 0.7771221774775287,
  "recall@10": 0.9005555555555557,
  "recall@100": 0.9766666666666667
}