{
  "cohere/embed-v4.0": {
    "fp32": {
      "ndcg@10": 0.7705613521235133,
      "recall@10": 0.8903333333333334,
      "recall@100": 0.9633333333333334,
      "dim": 1536,
      "bytes_per_vec": 6144.0
    },
    "binary": {
      "ndcg@10": 0.7433358957897364,
      "recall@10": 0.8546666666666666,
      "recall@100": 0.9533333333333334,
      "dim": 1536,
      "bytes_per_vec": 192.0
    },
    "fp16": {
      "ndcg@10": 0.7706375983027623,
      "recall@10": 0.8903333333333334,
      "recall@100": 0.9633333333333334,
      "dim": 1536,
      "bytes_per_vec": 3072.0
    },
    "int4": {
      "ndcg@10": 0.7662446955661957,
      "recall@10": 0.8870000000000001,
      "recall@100": 0.96,
      "dim": 1536,
      "bytes_per_vec": 768.0
    },
    "int8": {
      "ndcg@10": 0.7695362902206675,
      "recall@10": 0.8903333333333334,
      "recall@100": 0.9633333333333334,
      "dim": 1536,
      "bytes_per_vec": 1536.0
    }
  },
  "google/gemini-embedding-001-d3072": {
    "fp32": {
      "ndcg@10": 0.906871404493667,
      "recall@10": 0.9783333333333334,
      "recall@100": 0.9933333333333333,
      "dim": 3072,
      "bytes_per_vec": 12288.0
    },
    "binary": {
      "ndcg@10": 0.8965668277384922,
      "recall@10": 0.9738888888888889,
      "recall@100": 0.9933333333333333,
      "dim": 3072,
      "bytes_per_vec": 384.0
    },
    "fp16": {
      "ndcg@10": 0.906871404493667,
      "recall@10": 0.9783333333333334,
      "recall@100": 0.9933333333333333,
      "dim": 3072,
      "bytes_per_vec": 6144.0
    },
    "int4": {
      "ndcg@10": 0.9030540693406889,
      "recall@10": 0.9783333333333334,
      "recall@100": 0.9933333333333333,
      "dim": 3072,
      "bytes_per_vec": 1536.0
    },
    "int8": {
      "ndcg@10": 0.906871404493667,
      "recall@10": 0.9783333333333334,
      "recall@100": 0.9933333333333333,
      "dim": 3072,
      "bytes_per_vec": 3072.0
    }
  },
  "google/gemini-embedding-001-d768": {
    "fp32": {
      "ndcg@10": 0.909330992674559,
      "recall@10": 0.9816666666666667,
      "recall@100": 0.9933333333333333,
      "dim": 768,
      "bytes_per_vec": 3072.0
    },
    "binary": {
      "ndcg@10": 0.866376225080557,
      "recall@10": 0.9638888888888889,
      "recall@100": 0.99,
      "dim": 768,
      "bytes_per_vec": 96.0
    },
    "fp16": {
      "ndcg@10": 0.909330992674559,
      "recall@10": 0.9816666666666667,
      "recall@100": 0.9933333333333333,
      "dim": 768,
      "bytes_per_vec": 1536.0
    },
    "int4": {
      "ndcg@10": 0.9075945680454546,
      "recall@10": 0.9816666666666667,
      "recall@100": 0.9933333333333333,
      "dim": 768,
      "bytes_per_vec": 384.0
    },
    "int8": {
      "ndcg@10": 0.9090999145348035,
      "recall@10": 0.9816666666666667,
      "recall@100": 0.9933333333333333,
      "dim": 768,
      "bytes_per_vec": 768.0
    }
  },
  "google/text-embedding-005-d768": {
    "fp32": {
      "ndcg@10": 0.7537575944434659,
      "recall@10": 0.8820000000000001,
      "recall@100": 0.97,
      "dim": 768,
      "bytes_per_vec": 3072.0
    },
    "binary": {
      "ndcg@10": 0.6860380184941289,
      "recall@10": 0.8195555555555556,
      "recall@100": 0.9460000000000001,
      "dim": 768,
      "bytes_per_vec": 96.0
    },
    "fp16": {
      "ndcg@10": 0.7537575944434659,
      "recall@10": 0.8820000000000001,
      "recall@100": 0.97,
      "dim": 768,
      "bytes_per_vec": 1536.0
    },
    "int4": {
      "ndcg@10": 0.7472618896749151,
      "recall@10": 0.8758888888888888,
      "recall@100": 0.97,
      "dim": 768,
      "bytes_per_vec": 384.0
    },
    "int8": {
      "ndcg@10": 0.7557390277982997,
      "recall@10": 0.8836666666666667,
      "recall@100": 0.97,
      "dim": 768,
      "bytes_per_vec": 768.0
    }
  },
  "openai/text-embedding-3-large-d3072": {
    "fp32": {
      "ndcg@10": 0.7771221774775287,
      "recall@10": 0.9005555555555557,
      "recall@100": 0.9766666666666667,
      "dim": 3072,
      "bytes_per_vec": 12288.0
    },
    "binary": {
      "ndcg@10": 0.7616973175400152,
      "recall@10": 0.887388888888889,
      "recall@100": 0.9666666666666667,
      "dim": 3072,
      "bytes_per_vec": 384.0
    },
    "fp16": {
      "ndcg@10": 0.7771221774775287,
      "recall@10": 0.9005555555555557,
      "recall@100": 0.9766666666666667,
      "dim": 3072,
      "bytes_per_vec": 6144.0
    },
    "int4": {
      "ndcg@10": 0.775125248879643,
      "recall@10": 0.903888888888889,
      "recall@100": 0.9766666666666667,
      "dim": 3072,
      "bytes_per_vec": 1536.0
    },
    "int8": {
      "ndcg@10": 0.7769760983080658,
      "recall@10": 0.9005555555555557,
      "recall@100": 0.9766666666666667,
      "dim": 3072,
      "bytes_per_vec": 3072.0
    }
  },
  "qwen/text-embedding-v4": {
    "fp32": {
      "ndcg@10": 0.722000769779944,
      "recall@10": 0.8475555555555555,
      "recall@100": 0.9483333333333334,
      "dim": 1024,
      "bytes_per_vec": 4096.0
    },
    "binary": {
      "ndcg@10": 0.6987230541556166,
      "recall@10": 0.8150555555555555,
      "recall@100": 0.945,
      "dim": 1024,
      "bytes_per_vec": 128.0
    },
    "fp16": {
      "ndcg@10": 0.722000769779944,
      "recall@10": 0.8475555555555555,
      "recall@100": 0.9483333333333334,
      "dim": 1024,
      "bytes_per_vec": 2048.0
    },
    "int4": {
      "ndcg@10": 0.7223567366547001,
      "recall@10": 0.842,
      "recall@100": 0.9483333333333334,
      "dim": 1024,
      "bytes_per_vec": 512.0
    },
    "int8": {
      "ndcg@10": 0.7223563055297428,
      "recall@10": 0.8508888888888888,
      "recall@100": 0.9483333333333334,
      "dim": 1024,
      "bytes_per_vec": 1024.0
    }
  },
  "qwen/text-embedding-v4-d2048": {
    "fp32": {
      "ndcg@10": 0.7279595643297813,
      "recall@10": 0.8542222222222222,
      "recall@100": 0.9516666666666667,
      "dim": 2048,
      "bytes_per_vec": 8192.0
    },
    "binary": {
      "ndcg@10": 0.7252491060014641,
      "recall@10": 0.8503333333333333,
      "recall@100": 0.9583333333333334,
      "dim": 2048,
      "bytes_per_vec": 256.0
    },
    "fp16": {
      "ndcg@10": 0.7279595643297813,
      "recall@10": 0.8542222222222222,
      "recall@100": 0.9516666666666667,
      "dim": 2048,
      "bytes_per_vec": 4096.0
    },
    "int4": {
      "ndcg@10": 0.7264646534551354,
      "recall@10": 0.8515555555555556,
      "recall@100": 0.9516666666666667,
      "dim": 2048,
      "bytes_per_vec": 1024.0
    },
    "int8": {
      "ndcg@10": 0.7265595823968167,
      "recall@10": 0.8508888888888888,
      "recall@100": 0.9516666666666667,
      "dim": 2048,
      "bytes_per_vec": 2048.0
    }
  }
}